source_row_index,split
5450,fit
1671,fit
775,fit
108,fit
1249,fit
1746,fit
1234,fit
5736,fit
1238,fit
1837,fit
1271,fit
1536,fit
6520,fit
5967,fit
1845,fit
1829,fit
1301,fit
1812,fit
5396,fit
3591,fit
4773,fit
3145,fit
2169,fit
5780,fit
4691,fit
5560,fit
4708,fit
4230,fit
4316,fit
982,fit
5822,fit
4057,fit
1187,fit
3727,fit
12,fit
4303,fit
3893,fit
3516,fit
3953,fit
6391,fit
5987,fit
5659,fit
4692,fit
298,fit
5844,fit
3023,fit
2333,fit
4579,fit
3863,fit
3009,fit
4565,fit
1524,fit
4208,fit
4776,fit
5707,fit
1129,fit
6492,fit
1258,fit
2895,fit
1656,fit
593,fit
3951,fit
5207,fit
5109,fit
2835,fit
188,fit
3114,fit
4623,fit
2857,fit
3258,fit
964,fit
240,fit
1733,fit
1650,fit
2388,fit
450,fit
6023,fit
4576,fit
1392,fit
4564,fit
4555,fit
6150,fit
5816,fit
2831,fit
223,fit
4722,fit
2400,fit
1233,fit
4115,fit
4028,fit
5324,fit
4289,fit
354,fit
1405,fit
4830,fit
6273,fit
6737,fit
3865,fit
3218,fit
707,fit
3001,fit
5022,fit
6389,fit
5980,fit
6361,fit
1822,fit
6673,fit
3278,fit
6512,fit
1390,fit
275,fit
1162,fit
77,fit
1494,fit
3699,fit
2634,fit
5785,fit
2086,fit
3532,fit
3358,fit
1879,fit
1453,fit
317,fit
4343,fit
3767,fit
3031,fit
1410,fit
519,fit
4305,fit
2187,fit
4118,fit
3914,fit
675,fit
239,fit
5102,fit
4777,fit
2821,fit
835,fit
1977,fit
6427,fit
1690,fit
5985,fit
4992,fit
2418,fit
1387,fit
664,fit
4375,fit
5966,fit
3534,fit
6686,fit
337,fit
2139,fit
3879,fit
5536,fit
4572,fit
5549,fit
2712,fit
4478,fit
4903,fit
1728,fit
4110,fit
461,fit
5070,fit
2667,fit
6292,fit
1720,fit
3562,fit
5074,fit
2162,fit
5264,fit
941,fit
1373,fit
773,fit
435,fit
4403,fit
5075,fit
5071,fit
1464,fit
4202,fit
639,fit
1952,fit
3459,fit
42,fit
394,fit
3488,fit
4707,fit
2750,fit
956,fit
2643,fit
3169,fit
2859,fit
5337,fit
4746,fit
2717,fit
3336,fit
1675,fit
5539,fit
5205,fit
4406,fit
906,fit
4982,fit
6666,fit
5002,fit
4173,fit
2122,fit
1108,fit
6080,fit
31,fit
2429,fit
5554,fit
2858,fit
6472,fit
5318,fit
2813,fit
899,fit
5124,fit
744,fit
3487,fit
4388,fit
2014,fit
891,fit
2807,fit
238,fit
1766,fit
5051,fit
5233,fit
6595,fit
543,fit
3825,fit
6659,fit
3202,fit
1208,fit
3864,fit
2846,fit
1441,fit
2292,fit
1194,fit
4627,fit
6135,fit
3474,fit
3673,fit
1512,fit
6607,fit
1738,fit
4681,fit
2426,fit
2217,fit
279,fit
4262,fit
5661,fit
6453,fit
965,fit
1095,fit
4327,fit
3402,fit
5006,fit
5454,fit
5003,fit
291,fit
2979,fit
5083,fit
5245,fit
5520,fit
2566,fit
4622,fit
3328,fit
4165,fit
470,fit
288,fit
4907,fit
50,fit
2806,fit
2442,fit
2599,fit
1666,fit
2265,fit
2147,fit
6225,fit
19,fit
3564,fit
4237,fit
3705,fit
2247,fit
3849,fit
1267,fit
3090,fit
816,fit
4171,fit
4219,fit
3707,fit
4049,fit
360,fit
801,fit
1442,fit
5821,fit
4947,fit
2887,fit
862,fit
4798,fit
3132,fit
2666,fit
4463,fit
4496,fit
2335,fit
1087,fit
1603,fit
3464,fit
3041,fit
375,fit
581,fit
155,fit
4852,fit
4008,fit
953,fit
1674,fit
6456,fit
5889,fit
2559,fit
5177,fit
89,fit
6253,fit
4139,fit
3120,fit
6501,fit
236,fit
6408,fit
6377,fit
2173,fit
3513,fit
5958,fit
328,fit
2132,fit
5086,fit
1253,fit
3614,fit
189,fit
230,fit
233,fit
3572,fit
721,fit
3035,fit
3710,fit
5458,fit
5353,fit
4556,fit
4258,fit
4759,fit
3850,fit
4687,fit
544,fit
3161,fit
6134,fit
2862,fit
2081,fit
285,fit
4511,fit
6332,fit
1787,fit
2584,fit
3347,fit
3681,fit
2888,fit
1875,fit
2701,fit
3376,fit
6706,fit
3076,fit
264,fit
4093,fit
1081,fit
3617,fit
2453,fit
3693,fit
5115,fit
5776,fit
5506,fit
5062,fit
5025,fit
5188,fit
245,fit
2294,fit
5244,fit
4229,fit
4864,fit
3015,fit
4080,fit
6645,fit
57,fit
3992,fit
1756,fit
5038,fit
1017,fit
2118,fit
3329,fit
3575,fit
551,fit
792,fit
2266,fit
2589,fit
3283,fit
368,fit
6272,fit
957,fit
2639,fit
6570,fit
3075,fit
1289,fit
518,fit
3830,fit
879,fit
4394,fit
2768,fit
4026,fit
1704,fit
3330,fit
5425,fit
6006,fit
4953,fit
443,fit
1294,fit
3101,fit
4614,fit
2556,fit
208,fit
6355,fit
2438,fit
1056,fit
1543,fit
5292,fit
5878,fit
1863,fit
315,fit
6528,fit
1300,fit
6382,fit
4503,fit
2367,fit
5449,fit
3444,fit
2157,fit
4428,fit
20,fit
618,fit
5762,fit
6701,fit
1764,fit
6568,fit
1670,fit
5383,fit
4234,fit
541,fit
881,fit
5786,fit
5034,fit
3832,fit
4479,fit
1904,fit
5809,fit
2748,fit
5014,fit
1149,fit
282,fit
637,fit
1377,fit
6698,fit
2204,fit
5807,fit
3083,fit
3468,fit
1004,fit
1358,fit
3663,fit
3451,fit
6490,fit
3390,fit
5989,fit
2796,fit
2775,fit
5998,fit
4424,fit
3549,fit
6238,fit
5679,fit
3775,fit
2031,fit
1089,fit
1085,fit
2168,fit
6004,fit
163,fit
4352,fit
5723,fit
950,fit
3340,fit
512,fit
863,fit
4918,fit
6489,fit
2644,fit
4180,fit
6356,fit
1865,fit
2622,fit
5553,fit
6580,fit
209,fit
11,fit
2740,fit
3786,fit
1371,fit
2894,fit
3735,fit
5593,fit
4709,fit
3586,fit
5595,fit
424,fit
5042,fit
2324,fit
6353,fit
5390,fit
5726,fit
2068,fit
44,fit
2560,fit
3620,fit
6117,fit
3483,fit
3592,fit
4400,fit
6302,fit
6627,fit
4158,fit
6504,fit
6378,fit
601,fit
6710,fit
5293,fit
4383,fit
2780,fit
772,fit
2002,fit
1765,fit
4528,fit
1767,fit
2066,fit
1416,fit
5617,fit
4724,fit
4351,fit
5788,fit
1195,fit
6576,fit
2935,fit
4801,fit
1436,fit
6641,fit
709,fit
4433,fit
180,fit
2228,fit
5125,fit
4758,fit
1808,fit
6588,fit
698,fit
3934,fit
2190,fit
4888,fit
1693,fit
4867,fit
1684,fit
53,fit
22,fit
1323,fit
3946,fit
6055,fit
6739,fit
6466,fit
4913,fit
2254,fit
1109,fit
1039,fit
2290,fit
4714,fit
2255,fit
6373,fit
4978,fit
6083,fit
3250,fit
5778,fit
6005,fit
3566,fit
4781,fit
2816,fit
999,fit
582,fit
2770,fit
6186,fit
6435,fit
1209,fit
2491,fit
357,fit
4587,fit
3539,fit
976,fit
3809,fit
2412,fit
2621,fit
6340,fit
1041,fit
5199,fit
1449,fit
6026,fit
149,fit
3917,fit
3485,fit
6111,fit
6321,fit
1033,fit
2671,fit
493,fit
2998,fit
3170,fit
5367,fit
1957,fit
66,fit
3988,fit
1412,fit
378,fit
1741,fit
287,fit
1790,fit
4705,fit
6600,fit
5417,fit
5567,fit
2669,fit
5856,fit
3380,fit
5670,fit
1342,fit
3723,fit
3086,fit
1313,fit
1080,fit
1821,fit
1601,fit
6229,fit
4665,fit
1127,fit
4755,fit
4520,fit
3140,fit
3167,fit
6642,fit
3420,fit
1324,fit
419,fit
4550,fit
2398,fit
5626,fit
3880,fit
1223,fit
6121,fit
6094,fit
3098,fit
4127,fit
5338,fit
2371,fit
3570,fit
214,fit
2170,fit
4035,fit
1142,fit
3312,fit
5408,fit
1470,fit
1955,fit
2299,fit
1796,fit
5718,fit
4016,fit
4912,fit
4474,fit
4332,fit
1427,fit
4860,fit
1155,fit
67,fit
892,fit
2296,fit
5435,fit
5398,fit
6297,fit
4589,fit
2160,fit
2715,fit
6124,fit
752,fit
3886,fit
5974,fit
1958,fit
1035,fit
217,fit
3206,fit
2493,fit
2237,fit
284,fit
1803,fit
6137,fit
1516,fit
6215,fit
306,fit
824,fit
655,fit
4682,fit
1457,fit
3316,fit
6046,fit
3365,fit
1021,fit
5375,fit
2262,fit
1475,fit
5852,fit
5811,fit
2959,fit
2281,fit
6704,fit
2011,fit
4047,fit
4656,fit
1434,fit
6097,fit
6217,fit
3324,fit
4569,fit
5906,fit
6725,fit
5413,fit
2447,fit
2793,fit
6012,fit
2051,fit
2130,fit
5455,fit
643,fit
1025,fit
3500,fit
2370,fit
889,fit
616,fit
2917,fit
913,fit
4331,fit
3189,fit
5853,fit
2210,fit
5430,fit
1551,fit
6473,fit
5201,fit
3937,fit
6457,fit
845,fit
2286,fit
6188,fit
6176,fit
1439,fit
70,fit
403,fit
5111,fit
5422,fit
3963,fit
4045,fit
2402,fit
1561,fit
6204,fit
895,fit
3362,fit
5565,fit
2308,fit
1077,fit
2054,fit
5340,fit
3144,fit
5939,fit
478,fit
24,fit
4792,fit
4082,fit
309,fit
4003,fit
5118,fit
494,fit
5139,fit
5415,fit
4027,fit
3212,fit
3056,fit
3406,fit
1321,fit
462,fit
2076,fit
6426,fit
3404,fit
2057,fit
4174,fit
2368,fit
2980,fit
994,fit
3737,fit
2001,fit
2231,fit
4345,fit
244,fit
6054,fit
3540,fit
3799,fit
3509,fit
1355,fit
3790,fit
6177,fit
1495,fit
1146,fit
2040,fit
2067,fit
3445,fit
3344,fit
2282,fit
96,fit
2720,fit
5924,fit
242,fit
3467,fit
301,fit
2404,fit
1717,fit
5795,fit
4445,fit
292,fit
5381,fit
5388,fit
3776,fit
577,fit
1991,fit
3138,fit
5167,fit
2234,fit
2138,fit
5238,fit
6262,fit
3942,fit
2898,fit
5875,fit
4414,fit
2435,fit
1452,fit
1533,fit
1351,fit
1706,fit
2856,fit
3814,fit
3741,fit
2441,fit
6132,fit
1030,fit
6533,fit
1614,fit
5999,fit
4038,fit
6542,fit
2732,fit
4841,fit
4844,fit
2986,fit
6014,fit
4694,fit
3069,fit
6431,fit
745,fit
4924,fit
3900,fit
1622,fit
3119,fit
5796,fit
6381,fit
2155,fit
5057,fit
6724,fit
5258,fit
1924,fit
4590,fit
501,fit
5689,fit
3210,fit
5622,fit
5904,fit
6015,fit
5348,fit
2428,fit
4805,fit
6064,fit
5448,fit
6076,fit
364,fit
2,fit
2864,fit
3780,fit
5237,fit
5446,fit
4588,fit
2699,fit
105,fit
3665,fit
4932,fit
5306,fit
237,fit
1488,fit
4298,fit
3368,fit
1938,fit
5063,fit
4742,fit
3520,fit
3377,fit
4232,fit
1871,fit
2909,fit
4492,fit
3903,fit
2045,fit
54,fit
1502,fit
5949,fit
2987,fit
2036,fit
4989,fit
6174,fit
1944,fit
5123,fit
5315,fit
3763,fit
1967,fit
112,fit
1354,fit
986,fit
6418,fit
873,fit
926,fit
211,fit
2319,fit
2769,fit
225,fit
1230,fit
5097,fit
5369,fit
2479,fit
6157,fit
1975,fit
3616,fit
4076,fit
1753,fit
5401,fit
6230,fit
1588,fit
4040,fit
5779,fit
6537,fit
5032,fit
5839,fit
1613,fit
2761,fit
5152,fit
2511,fit
2431,fit
781,fit
4376,fit
916,fit
1461,fit
5298,fit
1680,fit
622,fit
3658,fit
3766,fit
1044,fit
5970,fit
5867,fit
5719,fit
2033,fit
2618,fit
587,fit
4132,fit
3938,fit
2691,fit
3320,fit
401,fit
132,fit
5162,fit
324,fit
1497,fit
1179,fit
5214,fit
5081,fit
5606,fit
3374,fit
6676,fit
4999,fit
1428,fit
2614,fit
1718,fit
5698,fit
1858,fit
300,fit
3360,fit
4333,fit
2360,fit
3400,fit
5804,fit
4561,fit
2433,fit
5387,fit
3528,fit
4157,fit
125,fit
4441,fit
699,fit
685,fit
4092,fit
5682,fit
4325,fit
6714,fit
3738,fit
5817,fit
6040,fit
505,fit
2863,fit
73,fit
6734,fit
5524,fit
2751,fit
3219,fit
252,fit
2928,fit
6293,fit
5721,fit
898,fit
246,fit
5410,fit
562,fit
6082,fit
2903,fit
5377,fit
2003,fit
4793,fit
2365,fit
6488,fit
1489,fit
1691,fit
2354,fit
944,fit
1018,fit
5777,fit
1888,fit
3563,fit
5978,fit
6728,fit
819,fit
6158,fit
6346,fit
3093,fit
2766,fit
5913,fit
366,fit
6608,fit
5620,fit
1207,fit
1137,fit
1396,fit
5647,fit
1628,fit
258,fit
1144,fit
6480,fit
4820,fit
606,fit
3524,fit
59,fit
3074,fit
3593,fit
2240,fit
3913,fit
442,fit
5198,fit
1740,fit
799,fit
3713,fit
2619,fit
5137,fit
868,fit
3228,fit
2492,fit
4346,fit
3503,fit
517,fit
145,fit
5790,fit
182,fit
4988,fit
1910,fit
6552,fit
1579,fit
4353,fit
6360,fit
4649,fit
82,fit
5763,fit
5453,fit
5475,fit
1761,fit
837,fit
4347,fit
2552,fit
1532,fit
1528,fit
2978,fit
1807,fit
409,fit
3190,fit
2127,fit
4335,fit
5305,fit
3984,fit
4497,fit
90,fit
4749,fit
2464,fit
5067,fit
5846,fit
3017,fit
2538,fit
730,fit
4930,fit
549,fit
3669,fit
4739,fit
2274,fit
1978,fit
4506,fit
6063,fit
4462,fit
454,fit
1016,fit
106,fit
4078,fit
3967,fit
3956,fit
5300,fit
2026,fit
6539,fit
1686,fit
276,fit
2443,fit
830,fit
3263,fit
1134,fit
4940,fit
4960,fit
5066,fit
3447,fit
6421,fit
2688,fit
4901,fit
1328,fit
5231,fit
467,fit
485,fit
6685,fit
2533,fit
2065,fit
1246,fit
5783,fit
345,fit
886,fit
2555,fit
812,fit
6660,fit
4073,fit
4465,fit
1261,fit
5322,fit
1477,fit
6661,fit
6041,fit
2878,fit
5782,fit
5223,fit
2698,fit
731,fit
5335,fit
4949,fit
809,fit
1673,fit
558,fit
6407,fit
1425,fit
3208,fit
6284,fit
4638,fit
5628,fit
4659,fit
5692,fit
4427,fit
4195,fit
5920,fit
2135,fit
6227,fit
2357,fit
426,fit
907,fit
3484,fit
183,fit
553,fit
152,fit
2271,fit
6207,fit
3645,fit
201,fit
3430,fit
1064,fit
3629,fit
1319,fit
6484,fit
6129,fit
4320,fit
5029,fit
6536,fit
638,fit
1408,fit
1964,fit
1454,fit
1304,fit
1663,fit
6349,fit
2758,fit
4563,fit
3999,fit
5942,fit
3889,fit
5912,fit
604,fit
2790,fit
5750,fit
3770,fit
5945,fit
4712,fit
3335,fit
5009,fit
5332,fit
1344,fit
852,fit
93,fit
3494,fit
3552,fit
3594,fit
6256,fit
126,fit
4763,fit
1885,fit
3887,fit
4877,fit
6210,fit
1893,fit
1091,fit
1721,fit
499,fit
2467,fit
1873,fit
2755,fit
2129,fit
3492,fit
400,fit
178,fit
2655,fit
1469,fit
6195,fit
1521,fit
4,fit
2221,fit
2586,fit
74,fit
1905,fit
3240,fit
5058,fit
4853,fit
488,fit
5079,fit
3260,fit
6446,fit
5511,fit
3011,fit
4404,fit
900,fit
4611,fit
3024,fit
3569,fit
1920,fit
374,fit
1777,fit
4943,fit
3415,fit
5589,fit
1798,fit
5044,fit
4263,fit
1255,fit
166,fit
668,fit
5400,fit
555,fit
1846,fit
5346,fit
715,fit
5493,fit
5197,fit
5110,fit
1749,fit
5960,fit
1184,fit
1063,fit
2557,fit
1286,fit
4223,fit
3878,fit
198,fit
3269,fit
1689,fit
776,fit
4598,fit
404,fit
770,fit
3922,fit
5222,fit
4892,fit
2174,fit
5320,fit
1519,fit
3105,fit
5755,fit
4769,fit
691,fit
1902,fit
5100,fit
5614,fit
4534,fit
848,fit
1861,fit
3753,fit
5930,fit
3486,fit
737,fit
6333,fit
6517,fit
3346,fit
3021,fit
2094,fit
1781,fit
3136,fit
2543,fit
3384,fit
1460,fit
1993,fit
29,fit
2307,fit
6299,fit
1202,fit
1847,fit
4365,fit
6078,fit
822,fit
1370,fit
4091,fit
1734,fit
876,fit
76,fit
5886,fit
3961,fit
6443,fit
4136,fit
1648,fit
4415,fit
2028,fit
803,fit
4800,fit
3521,fit
3279,fit
4654,fit
1124,fit
124,fit
2901,fit
2480,fit
4315,fit
2501,fit
6039,fit
2471,fit
280,fit
3331,fit
452,fit
369,fit
1510,fit
4997,fit
6598,fit
3306,fit
3309,fit
3261,fit
389,fit
3157,fit
1546,fit
3458,fit
4965,fit
2626,fit
2352,fit
3870,fit
4367,fit
247,fit
4762,fit
3426,fit
5677,fit
3334,fit
4961,fit
5871,fit
464,fit
6271,fit
6167,fit
5252,fit
2134,fit
630,fit
500,fit
2904,fit
2515,fit
4102,fit
1168,fit
4022,fit
4109,fit
1642,fit
2500,fit
2925,fit
3892,fit
1942,fit
1028,fit
2742,fit
3221,fit
5823,fit
3194,fit
1891,fit
2628,fit
4361,fit
6221,fit
4683,fit
2251,fit
3104,fit
6093,fit
1887,fit
635,fit
2350,fit
4059,fit
5696,fit
1140,fit
705,fit
1182,fit
2466,fit
962,fit
151,fit
249,fit
3751,fit
4571,fit
4875,fit
2256,fit
3635,fit
3662,fit
2781,fit
4460,fit
6029,fit
1426,fit
6726,fit
2336,fit
410,fit
2369,fit
2424,fit
1393,fit
2444,fit
554,fit
3821,fit
3371,fit
2106,fit
1770,fit
5673,fit
3043,fit
6091,fit
2975,fit
2243,fit
4152,fit
5976,fit
5946,fit
3936,fit
307,fit
123,fit
185,fit
5309,fit
1937,fit
2571,fit
6621,fit
2689,fit
6223,fit
4149,fit
5737,fit
1349,fit
5756,fit
1881,fit
5045,fit
1912,fit
3068,fit
980,fit
5842,fit
3792,fit
3308,fit
4231,fit
1660,fit
6156,fit
2041,fit
1473,fit
3352,fit
4757,fit
588,fit
1980,fit
3712,fit
3359,fit
1965,fit
332,fit
4302,fit
2772,fit
840,fit
759,fit
1014,fit
4224,fit
1318,fit
2087,fit
3386,fit
2710,fit
2874,fit
2044,fit
5294,fit
4645,fit
5604,fit
2676,fit
4817,fit
960,fit
1723,fit
23,fit
6640,fit
2791,fit
4952,fit
6720,fit
6248,fit
1042,fit
3343,fit
2922,fit
2337,fit
2677,fit
6095,fit
5579,fit
1890,fit
4131,fit
4592,fit
4609,fit
1400,fit
3,fit
4897,fit
254,fit
4716,fit
3888,fit
4317,fit
4079,fit
1789,fit
3460,fit
2186,fit
4774,fit
4329,fit
4025,fit
5516,fit
2885,fit
4890,fit
5510,fit
2009,fit
3438,fit
1200,fit
5064,fit
5784,fit
3431,fit
4387,fit
5185,fit
100,fit
6298,fit
3531,fit
2193,fit
4198,fit
3111,fit
6543,fit
4489,fit
2714,fit
1232,fit
6471,fit
4140,fit
6716,fit
1110,fit
1062,fit
3443,fit
3873,fit
5343,fit
4273,fit
4765,fit
5580,fit
2933,fit
5535,fit
4371,fit
2047,fit
4827,fit
6193,fit
1840,fit
3135,fit
5405,fit
617,fit
1136,fit
3168,fit
4061,fit
3974,fit
5951,fit
5522,fit
5623,fit
2815,fit
2907,fit
3006,fit
6376,fit
4535,fit
4509,fit
3994,fit
5295,fit
1979,fit
2000,fit
583,fit
2421,fit
2852,fit
5179,fit
3637,fit
3178,fit
3311,fit
2149,fit
823,fit
5824,fit
1520,fit
5008,fit
4610,fit
725,fit
4980,fit
6505,fit
71,fit
1490,fit
6220,fit
769,fit
5365,fit
3993,fit
2099,fit
5618,fit
5815,fit
3579,fit
6461,fit
5282,fit
2926,fit
2383,fit
5334,fit
4970,fit
686,fit
3695,fit
3127,fit
3018,fit
3833,fit
2212,fit
808,fit
6618,fit
5456,fit
3440,fit
4308,fit
327,fit
3928,fit
0,fit
5532,fit
3666,fit
5903,fit
3866,fit
1376,fit
5404,fit
2752,fit
5652,fit
425,fit
4891,fit
2273,fit
6151,fit
1088,fit
3199,fit
3429,fit
1161,fit
4733,fit
2952,fit
1813,fit
6719,fit
4568,fit
3286,fit
688,fit
6017,fit
5538,fit
34,fit
1031,fit
649,fit
6338,fit
4213,fit
1463,fit
4144,fit
923,fit
786,fit
1915,fit
4928,fit
679,fit
5128,fit
3441,fit
6275,fit
2406,fit
4995,fit
133,fit
3638,fit
1574,fit
3133,fit
5468,fit
3392,fit
556,fit
1791,fit
1593,fit
6199,fit
5225,fit
3897,fit
336,fit
2472,fit
6482,fit
6019,fit
1491,fit
5174,fit
5636,fit
4033,fit
5907,fit
3079,fit
3706,fit
651,fit
2798,fit
2730,fit
1487,fit
6565,fit
4432,fit
4170,fit
4299,fit
1139,fit
3418,fit
2126,fit
3634,fit
3103,fit
2708,fit
4737,fit
5752,fit
1826,fit
6423,fit
6310,fit
4578,fit
3765,fit
2117,fit
5649,fit
2723,fit
4099,fit
350,fit
1196,fit
507,fit
415,fit
4207,fit
6278,fit
910,fit
5862,fit
4100,fit
702,fit
2393,fit
563,fit
3618,fit
1478,fit
3630,fit
590,fit
3409,fit
1485,fit
1403,fit
5738,fit
6016,fit
2387,fit
1832,fit
6678,fit
2104,fit
2287,fit
3760,fit
676,fit
5438,fit
141,fit
5572,fit
4933,fit
1424,fit
1340,fit
3231,fit
6042,fit
2843,fit
1316,fit
2188,fit
949,fit
2577,fit
981,fit
634,fit
5609,fit
2410,fit
1626,fit
804,fit
5884,fit
3233,fit
262,fit
6011,fit
1634,fit
2996,fit
5576,fit
5950,fit
4516,fit
157,fit
437,fit
893,fit
3605,fit
2010,fit
2238,fit
2259,fit
6633,fit
384,fit
2774,fit
3732,fit
346,fit
1049,fit
2884,fit
3881,fit
3991,fit
1775,fit
2923,fit
1141,fit
140,fit
2192,fit
2733,fit
929,fit
768,fit
4368,fit
333,fit
1172,fit
1987,fit
6624,fit
146,fit
2506,fit
2725,fit
5608,fit
2681,fit
1417,fit
372,fit
6434,fit
1337,fit
1236,fit
6467,fit
6143,fit
6688,fit
2059,fit
3648,fit
2198,fit
5103,fit
5440,fit
1174,fit
6108,fit
6695,fit
6255,fit
1078,fit
5283,fit
2544,fit
978,fit
2574,fit
3165,fit
2035,fit
3675,fit
1235,fit
1104,fit
3209,fit
455,fit
6058,fit
6696,fit
114,fit
2800,fit
1557,fit
3282,fit
5797,fit
3489,fit
412,fit
674,fit
2548,fit
1896,fit
6584,fit
3192,fit
6203,fit
4963,fit
2216,fit
6449,fit
6462,fit
2824,fit
5940,fit
6329,fit
5013,fit
3818,fit
6072,fit
222,fit
6636,fit
6102,fit
5082,fit
483,fit
3905,fit
3224,fit
1678,fit
2700,fit
4283,fit
6613,fit
3197,fit
4751,fit
4836,fit
3232,fit
4868,fit
6596,fit
4000,fit
4779,fit
2737,fit
2958,fit
1325,fit
2938,fit
3704,fit
1560,fit
4976,fit
3403,fit
396,fit
2053,fit
2165,fit
2651,fit
5761,fit
3544,fit
751,fit
6532,fit
4309,fit
1216,fit
905,fit
4502,fit
5356,fit
2008,fit
3610,fit
5731,fit
2690,fit
1027,fit
3995,fit
6079,fit
3656,fit
5908,fit
2123,fit
5639,fit
6279,fit
5423,fit
2184,fit
3469,fit
529,fit
5712,fit
6296,fit
5355,fit
4580,fit
3128,fit
411,fit
4905,fit
2345,fit
3153,fit
1552,fit
2512,fit
3294,fit
2285,fit
1092,fit
3647,fit
5667,fit
5644,fit
1394,fit
5054,fit
1015,fit
1783,fit
5865,fit
4311,fit
6312,fit
4089,fit
4203,fit
1709,fit
293,fit
2913,fit
5885,fit
2829,fit
3919,fit
6090,fit
1876,fit
5069,fit
5347,fit
147,fit
5727,fit
128,fit
3081,fit
4014,fit
3600,fit
1776,fit
940,fit
2201,fit
646,fit
4359,fit
4720,fit
6319,fit
896,fit
5675,fit
988,fit
1036,fit
387,fit
6354,fit
2125,fit
170,fit
4685,fit
2252,fit
4031,fit
6127,fit
4791,fit
3162,fit
4443,fit
398,fit
5680,fit
2984,fit
5868,fit
5533,fit
5288,fit
6304,fit
1009,fit
2645,fit
334,fit
1949,fit
1006,fit
5616,fit
2950,fit
1283,fit
3857,fit
1135,fit
6180,fit
3952,fit
6498,fit
3070,fit
3916,fit
6202,fit
2866,fit
2374,fit
6458,fit
2804,fit
4849,fit
5017,fit
5048,fit
2278,fit
2382,fit
4175,fit
2957,fit
6352,fit
779,fit
1347,fit
5562,fit
1973,fit
41,fit
932,fit
1620,fit
658,fit
6664,fit
5043,fit
5193,fit
6409,fit
3649,fit
1038,fit
6656,fit
5016,fit
1696,fit
1698,fit
2969,fit
1702,fit
308,fit
331,fit
2545,fit
6703,fit
3990,fit
1005,fit
5635,fit
3163,fit
4584,fit
5230,fit
4436,fit
545,fit
3084,fit
5149,fit
4846,fit
3915,fit
2078,fit
1205,fit
473,fit
2517,fit
322,fit
433,fit
4259,fit
2510,fit
5905,fit
6372,fit
3538,fit
1986,fit
6226,fit
5204,fit
4350,fit
5570,fit
4477,fit
3545,fit
3061,fit
3236,fit
4024,fit
5894,fit
3092,fit
3940,fit
805,fit
2088,fit
5613,fit
794,fit
626,fit
719,fit
3556,fit
3176,fit
4323,fit
2195,fit
3601,fit
2295,fit
5829,fit
4178,fit
6345,fit
45,fit
6249,fit
2872,fit
6308,fit
1462,fit
3588,fit
2385,fit
2339,fit
1959,fit
5611,fit
5486,fit
6679,fit
137,fit
2625,fit
355,fit
5672,fit
5583,fit
4538,fit
954,fit
3848,fit
1833,fit
6593,fit
2592,fit
2534,fit
6459,fit
4247,fit
5068,fit
3299,fit
2580,fit
5360,fit
5592,fit
1265,fit
1243,fit
2616,fit
5806,fit
924,fit
2966,fit
4524,fit
3861,fit
4799,fit
766,fit
1227,fit
5954,fit
2203,fit
6503,fit
6037,fit
2970,fit
5973,fit
4214,fit
4396,fit
5487,fit
5901,fit
2868,fit
144,fit
2302,fit
6103,fit
159,fit
1953,fit
5936,fit
6401,fit
4869,fit
3215,fit
3106,fit
4199,fit
860,fit
6524,fit
4745,fit
738,fit
1922,fit
1211,fit
5990,fit
796,fit
6241,fit
3606,fit
290,fit
4369,fit
3423,fit
1930,fit
2384,fit
79,fit
2448,fit
672,fit
5163,fit
6070,fit
1744,fit
5210,fit
4927,fit
1273,fit
3609,fit
5923,fit
666,fit
5469,fit
4680,fit
1760,fit
5376,fit
6060,fit
5463,fit
6555,fit
2364,fit
5099,fit
2270,fit
1382,fit
3089,fit
1254,fit
436,fit
6113,fit
4552,fit
1075,fit
4083,fit
4834,fit
6708,fit
2865,fit
4070,fit
6567,fit
4923,fit
6577,fit
3797,fit
2836,fit
6344,fit
2819,fit
5845,fit
5541,fit
5963,fit
5969,fit
4740,fit
3408,fit
4034,fit
3808,fit
5374,fit
1167,fit
6162,fit
5135,fit
2331,fit
5429,fit
6160,fit
4146,fit
3854,fit
2386,fit
6250,fit
4727,fit
4227,fit
6476,fit
6154,fit
1659,fit
607,fit
8,fit
1839,fit
847,fit
4039,fit
4859,fit
4688,fit
5627,fit
6033,fit
6697,fit
3546,fit
3836,fit
5378,fit
3271,fit
1785,fit
6502,fit
6236,fit
3842,fit
4470,fit
2073,fit
4675,fit
3764,fit
5825,fit
3126,fit
5414,fit
2043,fit
4835,fit
1468,fit
4125,fit
5691,fit
5395,fit
4674,fit
5482,fit
2646,fit
5129,fit
2744,fit
4673,fit
6038,fit
1681,fit
2630,fit
5787,fit
6429,fit
5584,fit
2310,fit
5681,fit
5827,fit
3950,fit
573,fit
760,fit
4077,fit
5211,fit
2947,fit
3690,fit
539,fit
5076,fit
5767,fit
1769,fit
3387,fit
1947,fit
4437,fit
5747,fit
5358,fit
4931,fit
4886,fit
4770,fit
2844,fit
5020,fit
4505,fit
69,fit
4268,fit
6369,fit
6363,fit
139,fit
1244,fit
4721,fit
2209,fit
1099,fit
3769,fit
1541,fit
4260,fit
2994,fit
2095,fit
1867,fit
234,fit
5741,fit
15,fit
1672,fit
2023,fit
3498,fit
3200,fit
3030,fit
4641,fit
5805,fit
1940,fit
4544,fit
4829,fit
2977,fit
3604,fit
6383,fit
5760,fit
4133,fit
1138,fit
122,fit
6693,fit
3653,fit
6146,fit
2514,fit
2759,fit
4206,fit
2070,fit
5910,fit
2111,fit
6740,fit
4072,fit
1739,fit
1996,fit
2334,fit
6334,fit
361,fit
4629,fit
1422,fit
4934,fit
2432,fit
5278,fit
747,fit
5993,fit
4452,fit
2867,fit
972,fit
1026,fit
3910,fit
2196,fit
158,fit
525,fit
4018,fit
380,fit
2914,fit
1522,fit
1687,fit
4488,fit
3096,fit
210,fit
5370,fit
2091,fit
5740,fit
1900,fit
4574,fit
1605,fit
3852,fit
2839,fit
172,fit
4633,fit
629,fit
4321,fit
6237,fit
3683,fit
4651,fit
5380,fit
5791,fit
221,fit
3902,fit
4177,fit
6562,fit
2487,fit
4657,fit
3207,fit
4050,fit
5268,fit
2025,fit
1974,fit
6411,fit
5734,fit
5981,fit
2850,fit
1711,fit
4957,fit
243,fit
904,fit
2342,fit
6727,fit
5581,fit
5630,fit
6044,fit
3972,fit
3327,fit
4998,fit
1801,fit
2629,fit
700,fit
3462,fit
3958,fit
1119,fit
1213,fit
5200,fit
5979,fit
4526,fit
2532,fit
3332,fit
5674,fit
2583,fit
2229,fit
5372,fit
3824,fit
5433,fit
134,fit
4095,fit
4581,fit
3173,fit
5915,fit
4096,fit
5047,fit
6331,fit
755,fit
3478,fit
5573,fit
5023,fit
1538,fit
5517,fit
5921,fit
2219,fit
6294,fit
3640,fit
724,fit
1925,fit
5819,fit
3037,fit
789,fit
3853,fit
3793,fit
897,fit
2693,fit
52,fit
5650,fit
5857,fit
2362,fit
1037,fit
6601,fit
193,fit
2293,fit
4336,fit
2414,fit
3044,fit
2880,fit
4767,fit
216,fit
2436,fit
5833,fit
6491,fit
5240,fit
4071,fit
1083,fit
91,fit
3155,fit
168,fit
1399,fit
4255,fit
1105,fit
4803,fit
858,fit
3615,fit
6051,fit
2340,fit
1269,fit
4831,fit
4499,fit
4413,fit
1435,fit
1616,fit
2301,fit
2579,fit
5700,fit
5526,fit
5349,fit
850,fit
3930,fit
1548,fit
6285,fit
2711,fit
2140,fit
569,fit
4238,fit
1969,fit
5668,fit
4582,fit
4225,fit
3186,fit
3816,fit
5209,fit
3714,fit
1055,fit
4490,fit
5757,fit
3411,fit
2553,fit
3817,fit
1116,fit
1305,fit
2423,fit
720,fit
3281,fit
1190,fit
4291,fit
4865,fit
5590,fit
1311,fit
758,fit
3901,fit
1220,fit
5443,fit
1229,fit
2074,fit
1047,fit
6419,fit
1850,fit
5133,fit
955,fit
4221,fit
5706,fit
2486,fit
113,fit
2627,fit
2182,fit
4017,fit
212,fit
839,fit
2549,fit
5065,fit
2974,fit
4804,fit
4719,fit
5165,fit
2799,fit
1589,fit
5080,fit
1001,fit
466,fit
832,fit
4941,fit
4235,fit
4101,fit
2343,fit
1883,fit
4442,fit
2554,fit
765,fit
2564,fit
3628,fit
2920,fit
4393,fit
4815,fit
2968,fit
26,fit
5489,fit
1854,fit
492,fit
6116,fit
5259,fit
2136,fit
1805,fit
3452,fit
6522,fit
516,fit
2665,fit
767,fit
370,fit
5146,fit
920,fit
6486,fit
6013,fit
3945,fit
2496,fit
1882,fit
68,fit
5018,fit
5325,fit
3750,fit
1526,fit
3288,fit
2718,fit
6257,fit
1606,fit
4450,fit
4855,fit
6261,fit
5766,fit
3285,fit
4715,fit
5962,fit
2150,fit
190,fit
2727,fit
1679,fit
6410,fit
714,fit
3010,fit
3703,fit
6087,fit
561,fit
3843,fit
1725,fit
2063,fit
2004,fit
4915,fit
1816,fit
6644,fit
6731,fit
6650,fit
585,fit
579,fit
6251,fit
5007,fit
6032,fit
5104,fit
3287,fit
459,fit
2896,fit
2110,fit
1838,fit
4513,fit
1070,fit
2972,fit
2454,fit
5208,fit
2754,fit
2507,fit
5159,fit
4007,fit
2024,fit
586,fit
3142,fit
1398,fit
990,fit
2392,fit
1844,fit
3672,fit
5488,fit
5005,fit
6616,fit
2633,fit
3174,fit
1597,fit
392,fit
2131,fit
6649,fit
2077,fit
5957,fit
297,fit
5615,fit
2172,fit
3302,fit
5602,fit
636,fit
6638,fit
4986,fit
2705,fit
757,fit
610,fit
4866,fit
6589,fit
2767,fit
656,fit
351,fit
3599,fit
2600,fit
2458,fit
3361,fit
6343,fit
2757,fit
3702,fit
5971,fit
358,fit
2741,fit
1183,fit
4583,fit
1242,fit
227,fit
5108,fit
1943,fit
5724,fit
1515,fit
5943,fit
4355,fit
5938,fit
51,fit
43,fit
1842,fit
1000,fit
4668,fit
5471,fit
33,fit
5389,fit
1388,fit
787,fit
6336,fit
3027,fit
5402,fit
4084,fit
1751,fit
5260,fit
6578,fit
1287,fit
4418,fit
5024,fit
1992,fit
2814,fit
4249,fit
5523,fit
2055,fit
2176,fit
5519,fit
5384,fit
3904,fit
2652,fit
5812,fit
6197,fit
4809,fit
1356,fit
6442,fit
3721,fit
595,fit
2092,fit
3779,fit
5678,fit
663,fit
5596,fit
5770,fit
5246,fit
3929,fit
6630,fit
736,fit
3476,fit
4542,fit
3065,fit
5612,fit
5789,fit
2962,fit
6306,fit
1997,fit
659,fit
102,fit
2664,fit
2029,fit
6662,fit
3193,fit
5997,fit
2736,fit
864,fit
1638,fit
4285,fit
3395,fit
2277,fit
2200,fit
5386,fit
6632,fit
2679,fit
2892,fit
6020,fit
6670,fit
1472,fit
6056,fit
4605,fit
3939,fit
5688,fit
5403,fit
1240,fit
2729,fit
571,fit
131,fit
3367,fit
3220,fit
1359,fit
1239,fit
388,fit
1322,fit
5771,fit
5705,fit
6597,fit
4954,fit
2494,fit
4448,fit
846,fit
4922,fit
4498,fit
3112,fit
3014,fit
4004,fit
4066,fit
4527,fit
1504,fit
5994,fit
6101,fit
5033,fit
1143,fit
2647,fit
5665,fit
4955,fit
3242,fit
2133,fit
2361,fit
2869,fit
1100,fit
5859,fit
945,fit
1814,fit
6234,fit
609,fit
5685,fit
4098,fit
58,fit
1414,fit
4182,fit
1621,fit
6420,fit
229,fit
1780,fit
4340,fit
1411,fit
6139,fit
6481,fit
1715,fit
4795,fit
5296,fit
4723,fit
3680,fit
6081,fit
3148,fit
1939,fit
1945,fit
2180,fit
5254,fit
5170,fit
1763,fit
4626,fit
3051,fit
958,fit
3533,fit
4381,fit
783,fit
422,fit
6061,fit
4360,fit
104,fit
828,fit
4507,fit
761,fit
4440,fit
6572,fit
6438,fit
5127,fit
859,fit
5361,fit
4382,fit
5236,fit
2019,fit
4678,fit
2434,fit
2159,fit
2615,fit
4787,fit
1586,fit
2079,fit
2546,fit
27,fit
2604,fit
5888,fit
3529,fit
2881,fit
3446,fit
2735,fit
2089,fit
1486,fit
248,fit
3740,fit
5956,fit
362,fit
3353,fit
2889,fit
5977,fit
6021,fit
2659,fit
3217,fit
5341,fit
763,fit
6507,fit
399,fit
6216,fit
2430,fit
4788,fit
4689,fit
6470,fit
5558,fit
6365,fit
3642,fit
5280,fit
3803,fit
1409,fit
1527,fit
2422,fit
3906,fit
30,fit
4898,fit
1375,fit
5026,fit
4895,fit
4938,fit
661,fit
1407,fit
6159,fit
2811,fit
2696,fit
4871,fit
4233,fit
3964,fit
5585,fit
432,fit
6161,fit
6114,fit
1170,fit
5566,fit
5412,fit
39,fit
534,fit
1061,fit
5317,fit
5172,fit
2397,fit
5863,fit
6173,fit
6712,fit
5720,fit
1629,fit
4906,fit
4122,fit
4747,fit
4946,fit
6557,fit
2317,fit
5141,fit
3742,fit
1823,fit
115,fit
84,fit
305,fit
3293,fit
3585,fit
3034,fit
3611,fit
2288,fit
5181,fit
5265,fit
1799,fit
4254,fit
4655,fit
3560,fit
6687,fit
3102,fit
6008,fit
3691,fit
6379,fit
5873,fit
5854,fit
321,fit
2636,fit
2944,fit
2272,fit
6690,fit
1506,fit
5764,fit
3973,fit
2120,fit
5327,fit
6500,fit
253,fit
1065,fit
3036,fit
4106,fit
3064,fit
1633,fit
3389,fit
5316,fit
2842,fit
4701,fit
1575,fit
2956,fit
814,fit
5483,fit
4370,fit
4828,fit
117,fit
2349,fit
6274,fit
3159,fit
4176,fit
4243,fit
2373,fit
3810,fit
713,fit
5156,fit
2706,fit
5092,fit
6643,fit
1859,fit
6387,fit
2827,fit
5247,fit
3644,fit
843,fit
205,fit
2805,fit
790,fit
6730,fit
1592,fit
5310,fit
722,fit
2226,fit
5732,fit
1988,fit
4695,fit
4310,fit
2716,fit
1866,fit
717,fit
1212,fit
633,fit
4338,fit
511,fit
2329,fit
5478,fit
6439,fit
62,fit
5588,fit
5182,fit
5055,fit
338,fit
5484,fit
1963,fit
2941,fit
4575,fit
1990,fit
1346,fit
5078,fit
2930,fit
2605,fit
5021,fit
1019,fit
1545,fit
2298,fit
1066,fit
2967,fit
6170,fit
5528,fit
428,fit
5601,fit
3298,fit
4276,fit
2413,fit
1730,fit
764,fit
472,fit
4270,fit
4554,fit
120,fit
6327,fit
6244,fit
4097,fit
6594,fit
690,fit
4236,fit
3237,fit
5266,fit
2380,fit
5122,fit
200,fit
6126,fit
2662,fit
3840,fit
1335,fit
4119,fit
829,fit
3567,fit
1011,fit
2610,fit
251,fit
5828,fit
2617,fit
4466,fit
5333,fit
5543,fit
4896,fit
5095,fit
78,fit
150,fit
4967,fit
6120,fit
6130,fit
487,fit
1926,fit
6617,fit
6045,fit
1831,fit
3195,fit
3511,fit
5944,fit
4486,fit
1889,fit
1742,fit
4984,fit
2656,fit
5555,fit
6276,fit
4557,fit
2808,fit
2490,fit
3882,fit
4013,fit
3152,fit
887,fit
3028,fit
3025,fit
1224,fit
1237,fit
5467,fit
2675,fit
5683,fit
4842,fit
3204,fit
3785,fit
660,fit
6448,fit
6155,fit
6639,fit
3475,fit
3944,fit
1107,fit
5803,fit
1059,fit
739,fit
4464,fit
1719,fit
1610,fit
4548,fit
3100,fit
1923,fit
5832,fit
1479,fit
1120,fit
4863,fit
142,fit
3227,fit
1367,fit
1635,fit
3366,fit
3436,fit
5663,fit
4244,fit
6219,fit
6043,fit
4117,fit
4130,fit
1525,fit
1750,fit
2498,fit
3175,fit
5587,fit
6509,fit
1539,fit
6548,fit
1338,fit
5000,fit
1204,fit
1103,fit
5189,fit
5019,fit
1619,fit
1782,fit
1989,fit
1176,fit
2269,fit
3073,fit
413,fit
438,fit
2445,fit
3154,fit
2964,fit
5694,fit
4545,fit
2449,fit
5578,fit
1241,fit
2871,fit
2982,fit
874,fit
771,fit
4324,fit
4423,fit
2450,fit
4183,fit
4349,fit
3493,fit
3448,fit
3659,fit
5220,fit
3664,fit
184,fit
1897,fit
1496,fit
888,fit
1013,fit
1102,fit
1792,fit
6654,fit
4392,fit
4616,fit
63,fit
6591,fit
224,fit
4088,fit
446,fit
2305,fit
6190,fit
5498,fit
6191,fit
6386,fit
5988,fit
2623,fit
5598,fit
6375,fit
5655,fit
2760,fit
3957,fit
2141,fit
88,fit
3379,fit
1932,fit
3201,fit
4054,fit
3731,fit
4278,fit
5263,fit
3109,fit
670,fit
250,fit
4597,fit
3251,fit
603,fit
810,fit
1625,fit
4378,fit
1857,fit
1118,fit
4348,fit
4300,fit
4951,fit
753,fit
2142,fit
5144,fit
857,fit
2236,fit
5722,fit
6547,fit
2521,fit
38,fit
4161,fit
5820,fit
6450,fit
1644,fit
2013,fit
598,fit
5171,fit
5676,fit
1918,fit
711,fit
5302,fit
2672,fit
344,fit
5900,fit
3198,fit
4648,fit
2657,fit
4377,fit
4546,fit
5138,fit
5441,fit
3613,fit
575,fit
2764,fit
4379,fit
6582,fit
6506,fit
3598,fit
439,fit
5605,fit
728,fit
268,fit
2185,fit
3970,fit
4123,fit
1604,fit
2734,fit
6189,fit
1008,fit
3875,fit
1914,fit
3624,fit
2167,fit
1046,fit
3116,fit
3067,fit
5876,fit
1221,fit
1894,fit
6560,fit
3654,fit
385,fit
2154,fit
2886,fit
4653,fit
621,fit
5224,fit
851,fit
3151,fit
2407,fit
3547,fit
2983,fit
1430,fit
3626,fit
5870,fit
457,fit
3846,fit
4467,fit
4143,fit
3697,fit
4756,fit
1084,fit
3650,fit
4281,fit
922,fit
6463,fit
1341,fit
5461,fit
4962,fit
2921,fit
2082,fit
5394,fit
4936,fit
4760,fit
1631,fit
2115,fit
3338,fit
5646,fit
2822,fit
6414,fit
6128,fit
6436,fit
2113,fit
6444,fit
4703,fit
4973,fit
619,fit
4822,fit
2275,fit
704,fit
4253,fit
2882,fit
6554,fit
1968,fit
2469,fit
4116,fit
4974,fit
3794,fit
4068,fit
6551,fit
3762,fit
1913,fit
4925,fit
4010,fit
5546,fit
1591,fit
3033,fit
5286,fit
1936,fit
1476,fit
2590,fit
3679,fit
1962,fit
4062,fit
127,fit
260,fit
2451,fit
5563,fit
4468,fit
5632,fit
5521,fit
2408,fit
3581,fit
5548,fit
3597,fit
2743,fit
5768,fit
1363,fit
3668,fit
1007,fit
1360,fit
3554,fit
1214,fit
520,fit
2971,fit
909,fit
4272,fit
5150,fit
5192,fit
4454,fit
3571,fit
1669,fit
3633,fit
733,fit
883,fit
2389,fit
2069,fit
2897,fit
5459,fit
3125,fit
1612,fit
407,fit
703,fit
3912,fit
3623,fit
2860,fit
4919,fit
2222,fit
1248,fit
6192,fit
3907,fit
1994,fit
1824,fit
1111,fit
1361,fit
2233,fit
3565,fit
2080,fit
2596,fit
1020,fit
4808,fit
153,fit
632,fit
2526,fit
1315,fit
5279,fit
313,fit
3971,fit
5890,fit
5437,fit
2177,fit
3698,fit
6651,fit
716,fit
3214,fit
2175,fit
4306,fit
5117,fit
2211,fit
2746,fit
867,fit
615,fit
6182,fit
2661,fit
98,fit
32,fit
5480,fit
5745,fit
1948,fit
3435,fit
431,fit
4410,fit
295,fit
2749,fit
2114,fit
4618,fit
6009,fit
652,fit
5835,fit
6362,fit
4417,fit
5709,fit
2344,fit
5411,fit
2372,fit
6057,fit
4264,fit
3947,fit
5350,fit
4030,fit
3603,fit
2823,fit
2152,fit
5505,fit
5891,fit
791,fit
6405,fit
6059,fit
6010,fit
1406,fit
1643,fit
1572,fit
5892,fit
6290,fit
591,fit
820,fit
5671,fit
3449,fit
1714,fit
215,fit
3796,fit
817,fit
961,fit
5314,fit
1682,fit
6183,fit
6205,fit
1566,fit
4837,fit
5794,fit
1732,fit
3871,fit
4601,fit
5851,fit
4537,fit
5964,fit
4560,fit
6529,fit
5465,fit
3454,fit
871,fit
5918,fit
2588,fit
6707,fit
1395,fit
3439,fit
4342,fit
2455,fit
2745,fit
580,fit
5242,fit
101,fit
5036,fit
6359,fit
5831,fit
440,fit
4186,fit
963,fit
6050,fit
1852,fit
465,fit
597,fit
6030,fit
729,fit
3272,fit
687,fit
1554,fit
1853,fit
83,fit
3412,fit
6628,fit
4419,fit
6258,fit
1578,fit
6218,fit
235,fit
1364,fit
3049,fit
1333,fit
4789,fit
5,fit
2849,fit
2179,fit
6390,fit
118,fit
4129,fit
2961,fit
6622,fit
4964,fit
2409,fit
1713,fit
5206,fit
2264,fit
3804,fit
3372,fit
3118,fit
870,fit
2460,fit
2607,fit
161,fit
2563,fit
1699,fit
2328,fit
3156,fit
4471,fit
5196,fit
513,fit
4011,fit
4977,fit
2096,fit
498,fit
5704,fit
2891,fit
5491,fit
6667,fit
4312,fit
2218,fit
3955,fit
6388,fit
5004,fit
2845,fit
1201,fit
959,fit
3117,fit
5508,fit
6107,fit
232,fit
6086,fit
6200,fit
6619,fit
1266,fit
6175,fit
4631,fit
3108,fit
2260,fit
476,fit
825,fit
3535,fit
3121,fit
1148,fit
4628,fit
6235,fit
4052,fit
3185,fit
3255,fit
4971,fit
3884,fit
5775,fit
5101,fit
1002,fit
3265,fit
5746,fit
5366,fit
1523,fit
3933,fit
4354,fit
3641,fit
56,fit
5818,fit
3141,fit
6413,fit
4172,fit
997,fit
1565,fit
2847,fit
552,fit
5503,fit
2355,fit
521,fit
6611,fit
195,fit
3831,fit
4910,fit
1627,fit
2381,fit
5284,fit
3085,fit
5093,fit
5447,fit
5769,fit
463,fit
4081,fit
2597,fit
2437,fit
5344,fit
4160,fit
3442,fit
502,fit
1550,fit
866,fit
5497,fit
3921,fit
261,fit
1972,fit
6406,fit
1929,fit
5001,fit
5972,fit
4950,fit
5841,fit
3225,fit
1960,fit
6637,fit
2034,fit
4250,fit
5409,fit
1413,fit
6385,fit
1295,fit
1778,fit
3184,fit
4519,fit
6270,fit
1429,fit
3248,fit
3259,fit
4639,fit
1818,fit
3381,fit
1314,fit
6267,fit
255,fit
3134,fit
4608,fit
6668,fit
3756,fit
6339,fit
1797,fit
3150,fit
4494,fit
2394,fit
2440,fit
1292,fit
4439,fit
4676,fit
991,fit
1151,fit
2747,fit
1284,fit
3826,fit
2561,fit
1484,fit
6523,fit
975,fit
2890,fit
2347,fit
5243,fit
5442,fit
5941,fit
6527,fit
2395,fit
5359,fit
6179,fit
6658,fit
2875,fit
2497,fit
4530,fit
1503,fit
5326,fit
3350,fit
1583,fit
1171,fit
934,fit
1133,fit
6264,fit
1159,fit
2108,fit
3987,fit
2812,fit
1245,fit
3978,fit
6614,fit
2650,fit
2488,fit
2058,fit
4148,fit
1555,fit
578,fit
528,fit
6634,fit
3413,fit
2792,fit
2320,fit
1291,fit
259,fit
5271,fit
4293,fit
1511,fit
6521,fit
4839,fit
2771,fit
5168,fit
4188,fit
4240,fit
2946,fit
5591,fit
712,fit
5961,fit
6031,fit
2124,fit
694,fit
4015,fit
1517,fit
1841,fit
966,fit
5742,fit
356,fit
4778,fit
6322,fit
560,fit
4885,fit
5241,fit
4201,fit
3639,fit
1225,fit
1334,fit
4768,fit
294,fit
1995,fit
4660,fit
3589,fit
4267,fit
4697,fit
65,fit
1869,fit
4772,fit
4700,fit
802,fit
540,fit
3078,fit
6213,fit
5899,fit
6131,fit
2870,fit
2038,fit
930,fit
267,fit
6110,fit
1647,fit
5232,fit
5373,fit
1415,fit
6112,fit
756,fit
4421,fit
5715,fit
156,fit
5955,fit
5239,fit
3491,fit
2539,fit
1123,fit
4549,fit
2327,fit
6337,fit
3885,fit
931,fit
989,fit
4344,fit
4876,fit
4500,fit
5184,fit
6239,fit
6380,fit
4124,fit
3047,fit
2470,fit
1074,fit
5836,fit
5030,fit
5090,fit
4141,fit
4184,fit
2181,fit
4447,fit
6417,fit
1636,fit
1618,fit
1607,fit
5748,fit
5953,fit
2128,fit
1946,fit
379,fit
3510,fit
490,fit
1708,fit
3739,fit
1817,fit
3519,fit
1983,fit
4726,fit
3416,fit
3577,fit
1800,fit
5599,fit
1073,fit
5479,fit
164,fit
4301,fit
841,fit
1,fit
1308,fit
4218,fit
6245,fit
734,fit
3823,fit
3297,fit
2916,fit
1513,fit
5331,fit
4431,fit
1437,fit
5564,fit
4222,fit
5916,fit
927,fit
5759,fit
5464,fit
936,fit
3245,fit
1630,fit
5545,fit
5308,fit
6683,fit
1570,fit
2877,fit
1895,fit
6452,fit
6579,fit
3130,fit
231,fit
2481,fit
4391,fit
6648,fit
6351,fit
1060,fit
566,fit
4713,fit
5147,fit
4156,fit
319,fit
3479,fit
1050,fit
6065,fit
3789,fit
3164,fit
405,fit
4621,fit
4533,fit
1022,fit
3678,fit
3481,fit
1599,fit
1587,fit
2214,fit
6571,fit
110,fit
6119,fit
1293,fit
613,fit
1868,fit
3062,fit
5329,fit
4491,fit
6705,fit
795,fit
865,fit
4029,fit
367,fit
3301,fit
2276,fit
1700,fit
3396,fit
116,fit
1298,fit
482,fit
6415,fit
1069,fit
5534,fit
1117,fit
5218,fit
797,fit
1981,fit
3851,fit
3071,fit
3341,fit
1079,fit
2144,fit
2446,fit
2230,fit
1275,fit
1492,fit
1594,fit
1499,fit
4138,fit
2568,fit
1053,fit
4216,fit
4994,fit
1256,fit
4411,fit
2478,fit
6325,fit
1164,fit
5695,fit
5256,fit
5992,fit
1458,fit
2224,fit
1815,fit
2163,fit
2595,fit
4577,fit
5112,fit
3471,fit
3063,fit
612,fit
6564,fit
5248,fit
4145,fit
3844,fit
6100,fit
6691,fit
5053,fit
3506,fit
2146,fit
171,fit
3059,fit
414,fit
3657,fit
2316,fit
3499,fit
3115,fit
974,fit
3097,fit
263,fit
3517,fit
6330,fit
3357,fit
2678,fit
983,fit
1386,fit
1743,fit
3975,fit
3920,fit
4525,fit
129,fit
2697,fit
6198,fit
3862,fit
289,fit
4514,fit
3077,fit
3743,fit
4818,fit
880,fit
4163,fit
1178,fit
5610,fit
1697,fit
6052,fit
3296,fit
196,fit
3646,fit
6342,fit
6067,fit
2527,fit
4945,fit
6700,fit
4398,fit
1250,fit
2318,fit
4455,fit
5577,fit
1432,fit
1639,fit
381,fit
2346,fit
3736,fit
6587,fit
1198,fit
2323,fit
4304,fit
2148,fit
3574,fit
135,fit
3427,fit
568,fit
228,fit
2993,fit
4857,fit
3868,fit
1507,fit
3507,fit
4908,fit
4402,fit
4899,fit
6003,fit
6615,fit
296,fit
4532,fit
3262,fit
5251,fit
1877,fit
6647,fit
1677,fit
3718,fit
4884,fit
1374,fit
3053,fit
4485,fit
3234,fit
3747,fit
3477,fit
5432,fit
2602,fit
818,fit
6397,fit
5530,fit
6007,fit
4006,fit
1296,fit
6718,fit
4256,fit
3422,fit
3355,fit
4166,fit
3322,fit
5986,fit
441,fit
6534,fit
1076,fit
5431,fit
5922,fit
1880,fit
3872,fit
564,fit
6433,fit
1830,fit
4401,fit
902,fit
3054,fit
4671,fit
6018,fit
2981,fit
3720,fit
971,fit
1150,fit
3523,fit
970,fit
4887,fit
5191,fit
347,fit
416,fit
3048,fit
2473,fit
5151,fit
3313,fit
2358,fit
4848,fit
4295,fit
2189,fit
4750,fit
4121,fit
6709,fit
3522,fit
1683,fit
5500,fit
4738,fit
6518,fit
2427,fit
3622,fit
420,fit
2338,fit
1130,fit
3087,fit
3039,fit
1737,fit
2018,fit
474,fit
6212,fit
5421,fit
4968,fit
5485,fit
1191,fit
6073,fit
4112,fit
434,fit
692,fit
329,fit
2861,fit
3253,fit
6263,fit
4313,fit
460,fit
311,fit
523,fit
1505,fit
2765,fit
4845,fit
2062,fit
3305,fit
1928,fit
3661,fit
3781,fit
49,fit
5352,fit
2528,fit
2366,fit
3771,fit
5717,fit
3802,fit
3243,fit
3095,fit
4741,fit
3463,fit
4168,validation
5926,validation
6313,validation
6371,validation
481,validation
4341,validation
5212,validation
5641,validation
6071,validation
3000,validation
1731,validation
3008,validation
6563,validation
939,validation
469,validation
2375,validation
270,validation
742,validation
6265,validation
6141,validation
266,validation
5917,validation
423,validation
1121,validation
6493,validation
5800,validation
1908,validation
4551,validation
5662,validation
6544,validation
605,validation
5158,validation
2660,validation
2468,validation
5060,validation
186,validation
3715,validation
3050,validation
3655,validation
1665,validation
3264,validation
5094,validation
5624,validation
4164,validation
48,validation
627,validation
2049,validation
1735,validation
5072,validation
5011,validation
3943,validation
4987,validation
6425,validation
1661,validation
4672,validation
5798,validation
4282,validation
1034,validation
2220,validation
5657,validation
3414,validation
4797,validation
6243,validation
1931,validation
4069,validation
1071,validation
3525,validation
5345,validation
5166,validation
5651,validation
548,validation
5089,validation
650,validation
5399,validation
4814,validation
2522,validation
6163,validation
5840,validation
4939,validation
2949,validation
614,validation
4619,validation
565,validation
4159,validation
6098,validation
46,validation
2936,validation
628,validation
5512,validation
1277,validation
5397,validation
3249,validation
3515,validation
1154,validation
6281,validation
2396,validation
4094,validation
524,validation
6455,validation
310,validation
4179,validation
5808,validation
6068,validation
1899,validation
4279,validation
680,validation
3908,validation
4624,validation
6324,validation
570,validation
3188,validation
1927,validation
2482,validation
3289,validation
1559,validation
6635,validation
1329,validation
3166,validation
1514,validation
1419,validation
928,validation
993,validation
4337,validation
2569,validation
4484,validation
5267,validation
4784,validation
4630,validation
3941,validation
6581,validation
5550,validation
5077,validation
6669,validation
2215,validation
6242,validation
5559,validation
2603,validation
1199,validation
4114,validation
2954,validation
3749,validation
330,validation
5114,validation
5690,validation
1655,validation
1786,validation
445,validation
2838,validation
1754,validation
2208,validation
2419,validation
4547,validation
5699,validation
3399,validation
4194,validation
3896,validation
3514,validation
4330,validation
890,validation
3859,validation
671,validation
623,validation
1641,validation
5249,validation
5802,validation
813,validation
179,validation
3222,validation
3553,validation
1336,validation
2457,validation
1982,validation
417,validation
458,validation
6653,validation
3670,validation
3998,validation
4539,validation
1999,validation
3537,validation
5281,validation
2017,validation
3536,validation
3758,validation
878,validation
3625,validation
4679,validation
281,validation
2965,validation
740,validation
547,validation
1330,validation
838,validation
762,validation
95,validation
2927,validation
4847,validation
5642,validation
3746,validation
5312,validation
754,validation
1057,validation
6169,validation
833,validation
4617,validation
5514,validation
4894,validation
4151,validation
6538,validation
3205,validation
61,validation
1145,validation
1383,validation
3557,validation
5855,validation
2683,validation
4384,validation
2931,validation
849,validation
1152,validation
4055,validation
2642,validation
937,validation
2587,validation
3752,validation
596,validation
2090,validation
620,validation
1892,validation
3158,validation
4702,validation
2403,validation
5466,validation
3378,validation
4372,validation
2649,validation
6610,validation
1247,validation
942,validation
3042,validation
4966,validation
6494,validation
1288,validation
4147,validation
6699,validation
173,validation
3883,validation
667,validation
5039,validation
6631,validation
2997,validation
1153,validation
653,validation
2939,validation
2562,validation
677,validation
6717,validation
6194,validation
2624,validation
6364,validation
807,validation
6514,validation
3122,validation
1278,validation
6723,validation
203,validation
3755,validation
2731,validation
4607,validation
2581,validation
5495,validation
363,validation
5091,validation
5052,validation
2899,validation
6404,validation
6166,validation
3016,validation
2905,validation
3284,validation
4043,validation
2530,validation
6315,validation
1262,validation
853,validation
2107,validation
1401,validation
5187,validation
3300,validation
5739,validation
4420,validation
4874,validation
5328,validation
2171,validation
6165,validation
4399,validation
5420,validation
592,validation
6692,validation
4090,validation
1331,validation
559,validation
602,validation
6028,validation
5285,validation
2048,validation
449,validation
631,validation
5451,validation
226,validation
6314,validation
5793,validation
1260,validation
5861,validation
1771,validation
5416,validation
5625,validation
5357,validation
2137,validation
5874,validation
5299,validation
6027,validation
4041,validation
1624,validation
3270,validation
1498,validation
6609,validation
1455,validation
1157,validation
4046,validation
1906,validation
1219,validation
2575,validation
1270,validation
6561,validation
3002,validation
1215,validation
5050,validation
3181,validation
4108,validation
2248,validation
3419,validation
3774,validation
4444,validation
5826,validation
625,validation
207,validation
1228,validation
3527,validation
5882,validation
408,validation
2783,validation
594,validation
4385,validation
3550,validation
5774,validation
869,validation
515,validation
3303,validation
6358,validation
3022,validation
4422,validation
2332,validation
4284,validation
3997,validation
1911,validation
2973,validation
3057,validation
2918,validation
4752,validation
3980,validation
4833,validation
4504,validation
1186,validation
3107,validation
2015,validation
6441,validation
5183,validation
4873,validation
584,validation
6736,validation
3146,validation
5714,validation
3393,validation
2376,validation
4362,validation
537,validation
2012,validation
6295,validation
2103,validation
2151,validation
509,validation
6144,validation
2919,validation
6316,validation
2612,validation
6049,validation
1921,validation
2502,validation
3561,validation
4856,validation
2911,validation
5106,validation
1676,validation
1126,validation
5751,validation
2378,validation
2037,validation
4717,validation
6735,validation
6370,validation
3191,validation
1609,validation
2524,validation
1345,validation
4975,validation
4591,validation
191,validation
72,validation
3719,validation
312,validation
2692,validation
1280,validation
5547,validation
3256,validation
5799,validation
3631,validation
914,validation
2145,validation
1372,validation
4021,validation
5634,validation
856,validation
2567,validation
4113,validation
4807,validation
6711,validation
1362,validation
1640,validation
109,validation
4612,validation
4909,validation
2289,validation
4461,validation
1658,validation
4996,validation
2912,validation
2576,validation
5843,validation
444,validation
2268,validation
4453,validation
2638,validation
5363,validation
40,validation
486,validation
2112,validation
5477,validation
3587,validation
4985,validation
4878,validation
1810,validation
2246,validation
1444,validation
2784,validation
4105,validation
1290,validation
1045,validation
1662,validation
6024,validation
6495,validation
4536,validation
1169,validation
6694,validation
4064,validation
806,validation
4902,validation
1596,validation
4843,validation
6084,validation
4794,validation
3568,validation
2902,validation
4395,validation
855,validation
323,validation
5215,validation
3898,validation
1530,validation
3828,validation
3686,validation
2789,validation
6320,validation
4684,validation
5379,validation
376,validation
1281,validation
3931,validation
1493,validation
1907,validation
3541,validation
532,validation
3290,validation
5227,validation
4743,validation
17,validation
3046,validation
3461,validation
3349,validation
3711,validation
5781,validation
6447,validation
5575,validation
283,validation
2280,validation
4728,validation
1617,validation
2609,validation
406,validation
4044,validation
5896,validation
6477,validation
3129,validation
4271,validation
496,validation
946,validation
3708,validation
5932,validation
5276,validation
2513,validation
277,validation
4086,validation
6206,validation
3124,validation
2194,validation
1420,validation
1615,validation
5391,validation
3807,validation
4067,validation
5291,validation
2390,validation
5028,validation
4840,validation
1299,validation
2797,validation
2084,validation
5040,validation
4242,validation
608,validation
1685,validation
4920,validation
6738,validation
4251,validation
735,validation
5898,validation
60,validation
3923,validation
1397,validation
3171,validation
3504,validation
5758,validation
536,validation
6034,validation
3370,validation
5473,validation
2330,validation
785,validation
4386,validation
5287,validation
5087,validation
448,validation
4241,validation
5814,validation
2840,validation
2648,validation
4220,validation
4205,validation
197,validation
6665,validation
5015,validation
861,validation
6266,validation
6125,validation
6208,validation
1950,validation
5925,validation
21,validation
784,validation
1509,validation
1773,validation
5368,validation
6311,validation
5010,validation
1802,validation
2279,validation
665,validation
6184,validation
1703,validation
4669,validation
5178,validation
1106,validation
1757,validation
4104,validation
2565,validation
4948,validation
842,validation
5311,validation
3716,validation
5574,validation
4425,validation
1365,validation
3369,validation
4481,validation
1941,validation
6201,validation
5569,validation
5729,validation
4280,validation
4600,validation
4585,validation
4374,validation
3295,validation
4785,validation
1692,validation
5213,validation
1067,validation
1210,validation
6074,validation
530,validation
3813,validation
107,validation
6287,validation
5501,validation
2851,validation
4858,validation
2213,validation
5502,validation
5229,validation
5792,validation
4204,validation
3812,validation
1851,validation
503,validation
1736,validation
2463,validation
5424,validation
3473,validation
1131,validation
2021,validation
5186,validation
5195,validation
996,validation
5275,validation
3216,validation
6681,validation
1970,validation
6348,validation
6599,validation
2519,validation
4929,validation
4880,validation
6318,validation
640,validation
4586,validation
85,validation
5126,validation
2253,validation
4429,validation
4434,validation
3275,validation
1481,validation
3421,validation
3257,validation
3759,validation
4956,validation
5600,validation
4482,validation
35,validation
3318,validation
6164,validation
6138,validation
3800,validation
5603,validation
1917,validation
1971,validation
918,validation
1556,validation
2505,validation
5869,validation
3373,validation
4602,validation
1653,validation
6392,validation
5494,validation
3874,validation
5226,validation
3147,validation
5385,validation
3932,validation
4307,validation
6260,validation
4704,validation
4107,validation
6445,validation
5145,validation
286,validation
1747,validation
3788,validation
3110,validation
4661,validation
4652,validation
1985,validation
6440,validation
176,validation
429,validation
3969,validation
1772,validation
5056,validation
1568,validation
2551,validation
359,validation
1431,validation
365,validation
4900,validation
1553,validation
2476,validation
130,validation
1870,validation
1483,validation
2572,validation
1114,validation
683,validation
933,validation
2348,validation
2064,validation
3682,validation
1834,validation
4087,validation
5342,validation
1326,validation
3948,validation
2613,validation
342,validation
3815,validation
4060,validation
1886,validation
5142,validation
6301,validation
3040,validation
925,validation
1951,validation
2680,validation
6099,validation
5307,validation
402,validation
1054,validation
4363,validation
4286,validation
3342,validation
3526,validation
2529,validation
4228,validation
5143,validation
4473,validation
3012,validation
6540,validation
5272,validation
2826,validation
4154,validation
2992,validation
750,validation
3602,validation
340,validation
2995,validation
5848,validation
2778,validation
3457,validation
4257,validation
5504,validation
5531,validation
2841,validation
684,validation
5219,validation
882,validation
2456,validation
1404,validation
894,validation
5518,validation
2022,validation
645,validation
6384,validation
4729,validation
5107,validation
6259,validation
373,validation
1480,validation
3319,validation
3466,validation
6168,validation
5735,validation
718,validation
4959,validation
451,validation
5180,validation
2542,validation
1762,validation
4958,validation
3986,validation
6437,validation
6663,validation
1707,validation
6233,validation
6025,validation
371,validation
6394,validation
589,validation
701,validation
5687,validation
647,validation
3177,validation
2072,validation
5255,validation
527,validation
2075,validation
3576,validation
2640,validation
2883,validation
489,validation
1096,validation
5710,validation
1090,validation
377,validation
815,validation
1500,validation
3855,validation
3099,validation
1101,validation
5877,validation
1206,validation
1433,validation
2809,validation
5697,validation
2585,validation
5515,validation
6252,validation
3724,validation
349,validation
14,validation
3985,validation
6713,validation
3405,validation
6553,validation
4135,validation
6558,validation
4926,validation
968,validation
4457,validation
6288,validation
169,validation
2353,validation
1755,validation
5250,validation
2199,validation
2989,validation
99,validation
121,validation
697,validation
4248,validation
780,validation
1694,validation
1563,validation
427,validation
943,validation
241,validation
5217,validation
4459,validation
1549,validation
5879,validation
2682,validation
5216,validation
3777,validation
746,validation
5837,validation
710,validation
3819,validation
4812,validation
3983,validation
6478,validation
5492,validation
1181,validation
1651,validation
1115,validation
3627,validation
1774,validation
4226,validation
3450,validation
5290,validation
3246,validation
811,validation
1611,validation
4001,validation
1189,validation
1577,validation
2116,validation
2461,validation
3082,validation
2782,validation
2046,validation
4710,validation
1898,validation
5339,validation
3310,validation
5253,validation
4529,validation
5330,validation
5382,validation
4480,validation
6545,validation
1966,validation
2225,validation
3268,validation
2853,validation
2439,validation
4786,validation
3391,validation
2416,validation
1068,validation
1317,validation
4872,validation
5935,validation
5834,validation
5810,validation
5323,validation
3314,validation
4266,validation
5445,validation
3632,validation
6575,validation
1558,validation
4523,validation
4862,validation
2937,validation
3822,validation
5858,validation
1024,validation
2668,validation
6684,validation
5426,validation
2873,validation
3582,validation
6451,validation
87,validation
3013,validation
6211,validation
6499,validation
6022,validation
3020,validation
5743,validation
1175,validation
5847,validation
3223,validation
3432,validation
1688,validation
2854,validation
1934,validation
4666,validation
3038,validation
1423,validation
4042,validation
6399,validation
682,validation
3894,validation
1369,validation
5702,validation
2756,validation
1418,validation
2007,validation
2005,validation
4706,validation
4979,validation
5996,validation
6196,validation
299,validation
995,validation
6515,validation
510,validation
2518,validation
947,validation
678,validation
1529,validation
2573,validation
2085,validation
6583,validation
148,validation
4663,validation
2940,validation
4734,validation
4397,validation
4893,validation
1860,validation
2032,validation
103,validation
4390,validation
1459,validation
2948,validation
2631,validation
3501,validation
3607,validation
5155,validation
4322,validation
5801,validation
119,validation
2311,validation
4879,validation
798,validation
6586,validation
5968,validation
1794,validation
5261,validation
2060,validation
1093,validation
3839,validation
1268,validation
2191,validation
5476,validation
3029,validation
2817,validation
5085,validation
6035,validation
3966,validation
1580,validation
3899,validation
4562,validation
6088,validation
5772,validation
5371,validation
2321,validation
6106,validation
4181,validation
1916,validation
1547,validation
5540,validation
3559,validation
3709,validation
154,validation
3692,validation
915,validation
3291,validation
1438,validation
2558,validation
3784,validation
1263,validation
5765,validation
1657,validation
1310,validation
25,validation
3465,validation
3772,validation
4690,validation
6283,validation
1793,validation
5640,validation
1276,validation
3045,validation
218,validation
6047,validation
320,validation
3960,validation
987,validation
4142,validation
2485,validation
5153,validation
2658,validation
4686,validation
5428,validation
1203,validation
6603,validation
3891,validation
4493,test
447,test
5257,test
2728,test
4736,test
6300,test
4972,test
1343,test
3333,test
4711,test
1726,test
1652,test
6171,test
160,test
5234,test
5407,test
1758,test
1582,test
6400,test
5542,test
2101,test
4508,test
219,test
3230,test
92,test
2673,test
256,test
4290,test
5919,test
1872,test
5157,test
4314,test
1128,test
2724,test
4935,test
3954,test
1058,test
1716,test
4813,test
1976,test
1724,test
3345,test
2540,test
6602,test
4366,test
3754,test
6531,test
2499,test
6178,test
1003,test
4771,test
2787,test
2777,test
4326,test
4595,test
2143,test
4854,test
2945,test
1366,test
4969,test
1402,test
2601,test
6224,test
3729,test
2202,test
4883,test
3433,test
743,test
2462,test
6048,test
901,test
844,test
3203,test
4782,test
2242,test
1353,test
4451,test
3689,test
3007,test
3005,test
522,test
2523,test
5041,test
4993,test
81,test
2674,test
3688,test
6366,test
2303,test
2713,test
1450,test
774,test
5914,test
4664,test
3621,test
4698,test
3317,test
339,test
2061,test
2825,test
4155,test
3026,test
4475,test
6573,test
2985,test
1695,test
4730,test
64,test
708,test
526,test
2570,test
3252,test
343,test
831,test
3496,test
2161,test
4126,test
4449,test
4594,test
6541,test
4510,test
3700,test
94,test
2223,test
3979,test
383,test
5730,test
4904,test
1828,test
3235,test
2405,test
5499,test
1645,test
4606,test
3542,test
6317,test
6606,test
4380,test
1378,test
2119,test
4620,test
2988,test
5088,test
951,test
2495,test
2653,test
5470,test
2227,test
6454,test
1197,test
6002,test
2183,test
4075,test
4287,test
6326,test
75,test
599,test
3182,test
5830,test
2606,test
6280,test
3382,test
4991,test
6148,test
4990,test
136,test
6036,test
1806,test
386,test
5619,test
5273,test
3925,test
3274,test
4596,test
1768,test
3548,test
4150,test
4567,test
1843,test
6403,test
3976,test
3052,test
969,test
2810,test
5571,test
2830,test
6286,test
6209,test
2686,test
4189,test
2052,test
921,test
3417,test
4911,test
6303,test
418,test
4553,test
1901,test
6519,test
4566,test
4426,test
6291,test
3768,test
6398,test
531,test
3722,test
6430,test
2156,test
1082,test
834,test
4823,test
382,test
1518,test
1466,test
3080,test
3244,test
6393,test
3266,test
3196,test
175,test
5035,test
504,test
2709,test
6592,test
1564,test
3180,test
4483,test
1600,test
6109,test
3927,test
5929,test
6357,test
985,test
220,test
1608,test
278,test
748,test
1668,test
3596,test
2100,test
4356,test
4790,test
1309,test
5277,test
2929,test
4294,test
4134,test
3841,test
4783,test
3959,test
111,test
6268,test
5319,test
6000,test
5031,test
5132,test
5136,test
5728,test
1598,test
3805,test
3612,test
3397,test
4521,test
453,test
5880,test
1820,test
6402,test
6546,test
3590,test
325,test
2322,test
2109,test
1508,test
5513,test
3806,test
6585,test
5686,test
2257,test
3482,test
5336,test
1185,test
5301,test
5703,test
5633,test
3434,test
1745,test
2039,test
5631,test
6323,test
5169,test
4275,test
2707,test
5472,test
6559,test
1759,test
4796,test
1165,test
4245,test
1571,test
1827,test
4185,test
5557,test
6118,test
1156,test
5648,test
5474,test
657,test
4167,test
3277,test
2030,test
654,test
4811,test
1259,test
3835,test
6309,test
4357,test
5434,test
4416,test
2641,test
2516,test
5551,test
1282,test
4593,test
3671,test
477,test
2359,test
6305,test
3280,test
3858,test
919,test
4806,test
5947,test
4405,test
935,test
4658,test
2093,test
5113,test
5490,test
1113,test
480,test
4053,test
1501,test
6069,test
3139,test
206,test
1649,test
55,test
4937,test
2801,test
1231,test
2166,test
4921,test
4696,test
3652,test
2326,test
6474,test
693,test
326,test
5586,test
6516,test
6620,test
1804,test
1811,test
4190,test
6282,test
1809,test
18,test
2341,test
4677,test
5983,test
28,test
3179,test
2788,test
788,test
3977,test
782,test
3773,test
2356,test
3339,test
5716,test
3860,test
6232,test
3949,test
5638,test
1471,test
5131,test
1602,test
5148,test
2876,test
3867,test
5073,test
3385,test
5684,test
3890,test
2415,test
430,test
836,test
4487,test
2924,test
2547,test
952,test
1391,test
6487,test
4209,test
3845,test
574,test
3685,test
4196,test
777,test
4570,test
4821,test
1163,test
4239,test
5653,test
6677,test
821,test
3694,test
3578,test
1835,test
4917,test
4288,test
5304,test
5462,test
572,test
421,test
5713,test
4662,test
5269,test
5556,test
5937,test
2535,test
5235,test
4744,test
6181,test
6222,test
2244,test
2763,test
2776,test
1032,test
6307,test
5607,test
3003,test
5194,test
6655,test
3354,test
4732,test
3580,test
1217,test
6246,test
5439,test
1272,test
1856,test
6115,test
4625,test
4058,test
3472,test
138,test
2721,test
3924,test
6277,test
3091,test
3761,test
1637,test
4215,test
1257,test
1385,test
456,test
3398,test
303,test
6715,test
6733,test
5701,test
1537,test
4825,test
4128,test
1862,test
3583,test
335,test
5982,test
2695,test
2525,test
4518,test
395,test
6682,test
5708,test
877,test
5116,test
2425,test
4111,test
3321,test
6432,test
6625,test
1218,test
3424,test
1188,test
2164,test
826,test
1864,test
1389,test
3798,test
3004,test
1357,test
1122,test
723,test
6680,test
5711,test
6428,test
6497,test
2943,test
538,test
2102,test
2582,test
353,test
3254,test
2908,test
1132,test
2802,test
4870,test
479,test
4252,test
5427,test
2509,test
576,test
3066,test
2267,test
4599,test
3701,test
4753,test
3911,test
2411,test
5096,test
3748,test
5084,test
3267,test
97,test
3811,test
903,test
4543,test
2207,test
2637,test
2401,test
3455,test
542,test
778,test
1094,test
6089,test
6623,test
4889,test
5321,test
2309,test
491,test
4650,test
3187,test
3325,test
2377,test
5733,test
2483,test
5909,test
4037,test
4643,test
6526,test
1447,test
872,test
1193,test
2249,test
1327,test
2832,test
2694,test
2794,test
265,test
1086,test
681,test
2258,test
3982,test
3019,test
875,test
1350,test
192,test
5457,test
6367,test
5552,test
4838,test
4780,test
5274,test
5436,test
5392,test
727,test
1040,test
390,test
348,test
5643,test
6066,test
662,test
1903,test
1569,test
6483,test
732,test
5173,test
3726,test
2893,test
1445,test
884,test
2976,test
5773,test
1012,test
2818,test
6422,test
2098,test
2206,test
689,test
1312,test
911,test
4430,test
4412,test
4103,test
2541,test
1072,test
1285,test
5872,test
2635,test
6549,test
6510,test
6605,test
3502,test
3213,test
3326,test
4775,test
4754,test
3508,test
4193,test
1010,test
5121,test
611,test
2722,test
47,test
341,test
3518,test
4573,test
4212,test
4916,test
3543,test
13,test
4615,test
3410,test
6142,test
1825,test
2459,test
3651,test
3684,test
2990,test
5544,test
3337,test
6214,test
6254,test
6508,test
4051,test
3211,test
1632,test
5637,test
749,test
1933,test
1160,test
6464,test
5658,test
181,test
1166,test
273,test
4851,test
4211,test
5897,test
5154,test
3292,test
2593,test
992,test
6347,test
1097,test
5927,test
4023,test
4850,test
4048,test
3072,test
506,test
6465,test
202,test
908,test
3877,test
5203,test
2719,test
4246,test
5933,test
4735,test
3909,test
3183,test
3829,test
4983,test
1348,test
6657,test
2762,test
5289,test
1712,test
4531,test
3717,test
2738,test
4297,test
3643,test
1029,test
4169,test
6672,test
4832,test
5959,test
2420,test
2803,test
3088,test
4604,test
2960,test
4636,test
2475,test
1381,test
2828,test
3677,test
2042,test
5621,test
4005,test
2654,test
3801,test
4881,test
3363,test
6289,test
5893,test
1306,test
6153,test
3687,test
948,test
1664,test
9,test
5864,test
2071,test
2837,test
5754,test
4191,test
2056,test
3551,test
5046,test
1023,test
5527,test
1303,test
4640,test
2684,test
6368,test
1226,test
2417,test
6416,test
2284,test
4200,test
967,test
4761,test
2379,test
1874,test
5660,test
6374,test
2312,test
3364,test
4495,test
484,test
3744,test
3827,test
1855,test
4476,test
1052,test
977,test
4816,test
2153,test
3667,test
6604,test
4559,test
1147,test
6228,test
4646,test
213,test
199,test
4292,test
6247,test
3676,test
3837,test
4274,test
3239,test
2363,test
4718,test
5037,test
1722,test
4319,test
316,test
1540,test
5160,test
1849,test
3428,test
5507,test
6535,test
495,test
5654,test
6092,test
4670,test
4012,test
4944,test
3734,test
1576,test
2848,test
5525,test
3388,test
6468,test
4065,test
1705,test
6147,test
1302,test
397,test
6140,test
2241,test
514,test
1531,test
1474,test
3032,test
4032,test
1567,test
4446,test
1654,test
4826,test
3480,test
1467,test
1623,test
4261,test
5995,test
2304,test
624,test
1562,test
1098,test
5120,test
3619,test
644,test
4217,test
1590,test
508,test
302,test
4501,test
6550,test
2300,test
1448,test
2235,test
6626,test
6133,test
1573,test
3728,test
1542,test
6732,test
2158,test
6328,test
3595,test
5895,test
6722,test
3791,test
1954,test
2773,test
1779,test
6479,test
4517,test
5406,test
6145,test
187,test
314,test
4914,test
550,test
1819,test
6172,test
2685,test
4472,test
6721,test
5561,test
3375,test
5418,test
1451,test
5354,test
3137,test
1667,test
1710,test
167,test
3172,test
1584,test
2291,test
2465,test
6671,test
5984,test
5134,test
1935,test
2245,test
5049,test
497,test
1465,test
7,test
165,test
3783,test
6240,test
827,test
2474,test
5753,test
3247,test
6674,test
3730,test
1581,test
1192,test
1585,test
4766,test
2325,test
4731,test
1544,test
3795,test
6269,test
5027,test
5666,test
5664,test
3241,test
3149,test
2703,test
5419,test
641,test
3926,test
3315,test
6689,test
2951,test
269,test
4408,test
6187,test
4522,test
5313,test
4613,test
2178,test
37,test
204,test
6053,test
4882,test
5161,test
1368,test
4725,test
1158,test
3113,test
6105,test
2489,test
274,test
16,test
1274,test
3276,test
5902,test
318,test
696,test
36,test
1961,test
2197,test
5991,test
5221,test
4036,test
3608,test
3229,test
4824,test
6652,test
4009,test
2399,test
3273,test
3437,test
1180,test
1048,test
2820,test
5119,test
1125,test
5934,test
3876,test
6629,test
6096,test
4558,test
5693,test
2477,test
4603,test
3555,test
6335,test
2670,test
1177,test
5061,test
4389,test
3055,test
2297,test
1440,test
6077,test
5140,test
272,test
2632,test
3895,test
1878,test
6574,test
3497,test
3918,test
6341,test
695,test
4063,test
6185,test
4456,test
533,test
2050,test
2953,test
1251,test
6075,test
2591,test
2550,test
4364,test
4409,test
2504,test
5496,test
5645,test
2910,test
669,test
5393,test
4667,test
5597,test
3226,test
3453,test
1701,test
5460,test
6675,test
4373,test
4541,test
6612,test
2598,test
4210,test
1752,test
10,test
885,test
6085,test
5887,test
3131,test
1795,test
3425,test
2020,test
4120,test
3495,test
5529,test
912,test
4002,test
6469,test
3856,test
4802,test
2753,test
557,test
2855,test
4085,test
4265,test
3733,test
2250,test
5881,test
471,test
800,test
2915,test
1297,test
475,test
2351,test
4515,test
6496,test
6062,test
1919,test
1535,test
3725,test
3968,test
4162,test
6485,test
4764,test
3143,test
2906,test
3094,test
4056,test
4438,test
393,test
5669,test
726,test
6231,test
2611,test
2205,test
4647,test
5594,test
80,test
1446,test
4020,test
2508,test
2663,test
468,test
6569,test
1339,test
3989,test
3558,test
5860,test
3407,test
2704,test
4339,test
2999,test
2537,test
3636,test
6152,test
2232,test
5175,test
5176,test
6001,test
6525,test
391,test
5190,test
3869,test
5838,test
2484,test
3505,test
2687,test
6729,test
4699,test
2702,test
4318,test
6122,test
3512,test
5164,test
4632,test
3490,test
5568,test
5012,test
143,test
2991,test
6395,test
2779,test
5850,test
2261,test
4407,test
2834,test
2594,test
1307,test
535,test
3401,test
1998,test
3323,test
1384,test
194,test
1836,test
4942,test
1352,test
5364,test
5303,test
5228,test
3674,test
177,test
3696,test
4861,test
1456,test
1534,test
2016,test
2786,test
2121,test
5098,test
1909,test
6556,test
2452,test
3456,test
1380,test
2942,test
741,test
1264,test
86,test
2006,test
352,test
4328,test
5130,test
3935,test
854,test
4187,test
5866,test
3965,test
5262,test
6149,test
4137,test
3782,test
600,test
5537,test
1748,test
6566,test
6475,test
1729,test
4277,test
3778,test
642,test
2932,test
2306,test
6530,test
4819,test
3123,test
6646,test
5351,test
6460,test
4458,test
6511,test
4192,test
1051,test
2313,test
3383,test
5928,test
6,test
1421,test
1984,test
3660,test
6590,test
5270,test
2314,test
1727,test
6412,test
2239,test
3356,test
1279,test
2263,test
4197,test
5849,test
2283,test
2955,test
1595,test
4153,test
4540,test
5883,test
1112,test
3348,test
3584,test
6123,test
1222,test
2608,test
3745,test
3996,test
2105,test
2620,test
5582,test
4981,test
2795,test
1646,test
2963,test
3351,test
1784,test
4642,test
3530,test
3834,test
706,test
162,test
4358,test
4296,test
1956,test
3307,test
4334,test
1379,test
1320,test
174,test
6424,test
4469,test
4810,test
3573,test
5105,test
973,test
304,test
5202,test
6396,test
5297,test
1788,test
6104,test
5952,test
648,test
5481,test
3757,test
3838,test
2900,test
5965,test
3304,test
5444,test
4269,test
2315,test
938,test
3238,test
2726,test
4634,test
4074,test
4019,test
6136,test
5975,test
2934,test
5725,test
3160,test
2520,test
3962,test
5749,test
3787,test
2785,test
3058,test
5813,test
2503,test
6513,test
2531,test
567,test
1482,test
4635,test
1884,test
5911,test
1848,test
917,test
1173,test
3394,test
3820,test
2739,test
5948,test
1443,test
2833,test
271,test
5931,test
3470,test
998,test
5509,test
3060,test
4512,test
984,test
2536,test
3847,test
979,test
2083,test
6350,test
2097,test
673,test
5362,test
5744,test
1332,test
5452,test
4748,test
4644,test
1043,test
4693,test
2391,test
4435,test
2879,test
2027,test
793,test
2578,test
5059,test
1252,test
4637,test
546,test
257,test
3981,test
6702,test
5656,test
5629,test
